{
  "config": "{\"version\":\"5.49\",\"themeCollection\":{\"baseTheme\":{\"name\":\"CY23SU11\",\"version\":\"5.49\",\"type\":2}},\"activeSectionIndex\":0,\"defaultDrillFilterOtherVisuals\":true,\"linguisticSchemaSyncVersion\":2,\"settings\":{\"useNewFilterPaneExperience\":true,\"allowChangeFilterTypes\":true,\"useStylableVisualContainerHeader\":true,\"queryLimitOption\":6,\"exportDataMode\":1,\"useDefaultAggregateDisplayName\":true},\"objects\":{\"section\":[{\"properties\":{\"verticalAlignment\":{\"expr\":{\"Literal\":{\"Value\":\"'Top'\"}}}}}]}}",
  "layoutOptimization": 0,
  "resourcePackages": [
    {
      "resourcePackage": {
        "disabled": false,
        "items": [
          {
            "name": "CAR134584433079851484.jpg",
            "path": "CAR134584433079851484.jpg",
            "type": 100
          },
          {
            "name": "CAR19927703454440306.jpg",
            "path": "CAR19927703454440306.jpg",
            "type": 100
          },
          {
            "name": "car22071482045087274.jpg",
            "path": "car22071482045087274.jpg",
            "type": 100
          },
          {
            "name": "carh2884144869066221.jpg",
            "path": "carh2884144869066221.jpg",
            "type": 100
          }
        ],
        "name": "RegisteredResources",
        "type": 1
      }
    },
    {
      "resourcePackage": {
        "disabled": false,
        "items": [
          {
            "name": "CY23SU11",
            "path": "BaseThemes/CY23SU11.json",
            "type": 202
          }
        ],
        "name": "SharedResources",
        "type": 2
      }
    }
  ],
  "sections": [
    {
      "config": "{\"objects\":{\"background\":[{\"properties\":{\"image\":{\"image\":{\"name\":{\"expr\":{\"Literal\":{\"Value\":\"'carh.jpg'\"}}},\"url\":{\"expr\":{\"ResourcePackageItem\":{\"PackageName\":\"RegisteredResources\",\"PackageType\":1,\"ItemName\":\"carh2884144869066221.jpg\"}}},\"scaling\":{\"expr\":{\"Literal\":{\"Value\":\"'Normal'\"}}}}},\"transparency\":{\"expr\":{\"Literal\":{\"Value\":\"0D\"}}}}}]}}",
      "displayName": "HOME",
      "displayOption": 1,
      "filters": "[]",
      "height": 720.00,
      "name": "ReportSection",
      "visualContainers": [
        {
          "config": "{\"name\":\"27db771df8dfd5827be1\",\"layouts\":[{\"id\":0,\"position\":{\"x\":1067.5850516759076,\"y\":308.74889026616864,\"z\":3000,\"width\":100.17186217524582,\"height\":64.49421263337744}}],\"singleVisual\":{\"visualType\":\"actionButton\",\"drillFilterOtherVisuals\":true,\"objects\":{\"icon\":[{\"properties\":{\"shapeType\":{\"expr\":{\"Literal\":{\"Value\":\"'blank'\"}}}},\"selector\":{\"id\":\"default\"}},{\"properties\":{\"show\":{\"expr\":{\"Literal\":{\"Value\":\"true\"}}}}}],\"outline\":[{\"properties\":{\"show\":{\"expr\":{\"Literal\":{\"Value\":\"false\"}}}}}]},\"vcObjects\":{\"visualLink\":[{\"properties\":{\"show\":{\"expr\":{\"Literal\":{\"Value\":\"true\"}}},\"type\":{\"expr\":{\"Literal\":{\"Value\":\"'PageNavigation'\"}}},\"navigationSection\":{\"expr\":{\"Literal\":{\"Value\":\"'ReportSection491d3d016a5d5836e3b3'\"}}}}}]}},\"howCreated\":\"InsertVisualButton\"}",
          "filters": "[]",
          "height": 64.49,
          "width": 100.17,
          "x": 1067.59,
          "y": 308.75,
          "z": 3000.00
        },
        {
          "config": "{\"name\":\"36caa1af476b3a87e1ab\",\"layouts\":[{\"id\":0,\"position\":{\"x\":861.7524581651285,\"y\":308.74889026616864,\"z\":2000,\"width\":100.17186217524582,\"height\":64.49421263337744}}],\"singleVisual\":{\"visualType\":\"actionButton\",\"drillFilterOtherVisuals\":true,\"objects\":{\"icon\":[{\"properties\":{\"shapeType\":{\"expr\":{\"Literal\":{\"Value\":\"'blank'\"}}}},\"selector\":{\"id\":\"default\"}},{\"properties\":{\"show\":{\"expr\":{\"Literal\":{\"Value\":\"true\"}}}}}],\"outline\":[{\"properties\":{\"show\":{\"expr\":{\"Literal\":{\"Value\":\"false\"}}}}}]},\"vcObjects\":{\"visualLink\":[{\"properties\":{\"show\":{\"expr\":{\"Literal\":{\"Value\":\"true\"}}},\"type\":{\"expr\":{\"Literal\":{\"Value\":\"'PageNavigation'\"}}},\"navigationSection\":{\"expr\":{\"Literal\":{\"Value\":\"'ReportSection40487b488613905e56db'\"}}}}}]}},\"howCreated\":\"InsertVisualButton\"}",
          "filters": "[]",
          "height": 64.49,
          "width": 100.17,
          "x": 861.75,
          "y": 308.75,
          "z": 2000.00
        },
        {
          "config": "{\"name\":\"a3f6e0bf83f41ef9289e\",\"layouts\":[{\"id\":0,\"position\":{\"x\":514.5814837769477,\"y\":308.74889026616864,\"z\":0,\"width\":100.17186217524582,\"height\":64.49421263337744}}],\"singleVisual\":{\"visualType\":\"actionButton\",\"drillFilterOtherVisuals\":true,\"objects\":{\"icon\":[{\"properties\":{\"shapeType\":{\"expr\":{\"Literal\":{\"Value\":\"'blank'\"}}}},\"selector\":{\"id\":\"default\"}},{\"properties\":{\"show\":{\"expr\":{\"Literal\":{\"Value\":\"true\"}}}}}],\"outline\":[{\"properties\":{\"show\":{\"expr\":{\"Literal\":{\"Value\":\"false\"}}}}}]},\"vcObjects\":{\"visualLink\":[{\"properties\":{\"show\":{\"expr\":{\"Literal\":{\"Value\":\"true\"}}},\"type\":{\"expr\":{\"Literal\":{\"Value\":\"'PageNavigation'\"}}}}}]}},\"howCreated\":\"InsertVisualButton\"}",
          "filters": "[]",
          "height": 64.49,
          "width": 100.17,
          "x": 514.58,
          "y": 308.75,
          "z": 0.00
        },
        {
          "config": "{\"name\":\"cc45d02c938923f6e988\",\"layouts\":[{\"id\":0,\"position\":{\"x\":691.5975141962177,\"y\":310.1211075562405,\"z\":1000,\"width\":100.17186217524582,\"height\":64.49421263337744}}],\"singleVisual\":{\"visualType\":\"actionButton\",\"drillFilterOtherVisuals\":true,\"objects\":{\"icon\":[{\"properties\":{\"shapeType\":{\"expr\":{\"Literal\":{\"Value\":\"'blank'\"}}}},\"selector\":{\"id\":\"default\"}},{\"properties\":{\"show\":{\"expr\":{\"Literal\":{\"Value\":\"true\"}}}}}],\"outline\":[{\"properties\":{\"show\":{\"expr\":{\"Literal\":{\"Value\":\"false\"}}}}}]},\"vcObjects\":{\"visualLink\":[{\"properties\":{\"show\":{\"expr\":{\"Literal\":{\"Value\":\"true\"}}},\"type\":{\"expr\":{\"Literal\":{\"Value\":\"'PageNavigation'\"}}},\"navigationSection\":{\"expr\":{\"Literal\":{\"Value\":\"'ReportSection5ae7cf11f3c996b8cd79'\"}}}}}]}},\"howCreated\":\"InsertVisualButton\"}",
          "filters": "[]",
          "height": 64.49,
          "width": 100.17,
          "x": 691.60,
          "y": 310.12,
          "z": 1000.00
        }
      ],
      "width": 1280.00
    },
    {
      "config": "{\"objects\":{\"background\":[{\"properties\":{\"image\":{\"image\":{\"name\":{\"expr\":{\"Literal\":{\"Value\":\"'CAR1.jpg'\"}}},\"url\":{\"expr\":{\"ResourcePackageItem\":{\"PackageName\":\"RegisteredResources\",\"PackageType\":1,\"ItemName\":\"CAR134584433079851484.jpg\"}}},\"scaling\":{\"expr\":{\"Literal\":{\"Value\":\"'Normal'\"}}}}},\"transparency\":{\"expr\":{\"Literal\":{\"Value\":\"0D\"}}}}}]},\"visibility\":1}",
      "displayName": "Page 3",
      "displayOption": 1,
      "filters": "[]",
      "height": 720.00,
      "name": "ReportSection40487b488613905e56db",
      "ordinal": 2,
      "visualContainers": [
        {
          "config": "{\"name\":\"4ddbaf407403a98d13ea\",\"layouts\":[{\"id\":0,\"position\":{\"x\":20.58325935107791,\"y\":301.8878038158093,\"z\":11000,\"width\":100.17186217524582,\"height\":64.49421263337744,\"tabOrder\":11000}}],\"singleVisual\":{\"visualType\":\"actionButton\",\"drillFilterOtherVisuals\":true,\"objects\":{\"icon\":[{\"properties\":{\"shapeType\":{\"expr\":{\"Literal\":{\"Value\":\"'blank'\"}}}},\"selector\":{\"id\":\"default\"}},{\"properties\":{\"show\":{\"expr\":{\"Literal\":{\"Value\":\"true\"}}}}}],\"outline\":[{\"properties\":{\"show\":{\"expr\":{\"Literal\":{\"Value\":\"false\"}}}}}]},\"vcObjects\":{\"visualLink\":[{\"properties\":{\"show\":{\"expr\":{\"Literal\":{\"Value\":\"true\"}}},\"type\":{\"expr\":{\"Literal\":{\"Value\":\"'PageNavigation'\"}}},\"navigationSection\":{\"expr\":{\"Literal\":{\"Value\":\"'ReportSection5ae7cf11f3c996b8cd79'\"}}}}}]}},\"howCreated\":\"InsertVisualButton\"}",
          "filters": "[]",
          "height": 64.49,
          "width": 100.17,
          "x": 20.58,
          "y": 301.89,
          "z": 11000.00
        },
        {
          "config": "{\"name\":\"703245ca236335d76ca1\",\"layouts\":[{\"id\":0,\"position\":{\"x\":1025.04631568368,\"y\":41.16651870215582,\"z\":3000,\"width\":185.2493341597012,\"height\":120.75512152632373,\"tabOrder\":3000}}],\"singleVisual\":{\"visualType\":\"card\",\"projections\":{\"Values\":[{\"queryRef\":\"Sum(MAX.Max Horsepower)\"}]},\"prototypeQuery\":{\"Version\":2,\"From\":[{\"Name\":\"m\",\"Entity\":\"MAX\",\"Type\":0}],\"Select\":[{\"Aggregation\":{\"Expression\":{\"Column\":{\"Expression\":{\"SourceRef\":{\"Source\":\"m\"}},\"Property\":\"Max Horsepower\"}},\"Function\":0},\"Name\":\"Sum(MAX.Max Horsepower)\",\"NativeReferenceName\":\"Sum of Max Horsepower\"}],\"OrderBy\":[{\"Direction\":2,\"Expression\":{\"Aggregation\":{\"Expression\":{\"Column\":{\"Expression\":{\"SourceRef\":{\"Source\":\"m\"}},\"Property\":\"Max Horsepower\"}},\"Function\":0}}}]},\"drillFilterOtherVisuals\":true,\"hasDefaultSort\":true,\"vcObjects\":{\"dropShadow\":[{\"properties\":{\"show\":{\"expr\":{\"Literal\":{\"Value\":\"true\"}}}}}]}}}",
          "filters": "[]",
          "height": 120.76,
          "width": 185.25,
          "x": 1025.05,
          "y": 41.17,
          "z": 3000.00
        },
        {
          "config": "{\"name\":\"76a52275a3300a7b1dbb\",\"layouts\":[{\"id\":0,\"position\":{\"x\":252.48798137322234,\"y\":42.53873599222768,\"z\":9000,\"width\":167.410509388767,\"height\":259.34906782358166,\"tabOrder\":9000}}],\"singleVisual\":{\"visualType\":\"slicer\",\"projections\":{\"Values\":[{\"queryRef\":\"Date.year\",\"active\":true}]},\"prototypeQuery\":{\"Version\":2,\"From\":[{\"Name\":\"d\",\"Entity\":\"Date\",\"Type\":0}],\"Select\":[{\"Column\":{\"Expression\":{\"SourceRef\":{\"Source\":\"d\"}},\"Property\":\"year\"},\"Name\":\"Date.year\",\"NativeReferenceName\":\"year\"}]},\"syncGroup\":{\"groupName\":\"year\",\"fieldChanges\":true,\"filterChanges\":true},\"drillFilterOtherVisuals\":true,\"objects\":{\"data\":[{\"properties\":{\"mode\":{\"expr\":{\"Literal\":{\"Value\":\"'Basic'\"}}}}}],\"general\":[{\"properties\":{\"orientation\":{\"expr\":{\"Literal\":{\"Value\":\"1D\"}}}}}]},\"vcObjects\":{\"dropShadow\":[{\"properties\":{\"show\":{\"expr\":{\"Literal\":{\"Value\":\"true\"}}}}}]}}}",
          "filters": "[]",
          "height": 259.35,
          "width": 167.41,
          "x": 252.49,
          "y": 42.54,
          "z": 9000.00
        },
        {
          "config": "{\"name\":\"8e62370bb74e56dc6e9b\",\"layouts\":[{\"id\":0,\"position\":{\"x\":252.48798137322234,\"y\":321.0988458768154,\"z\":8000,\"width\":959.1798857602306,\"height\":370.4986683194024,\"tabOrder\":8000}}],\"singleVisual\":{\"visualType\":\"lineChart\",\"projections\":{\"Y\":[{\"queryRef\":\"Sum(Car_sales.Salescount)\"}],\"Category\":[{\"queryRef\":\"Car_sales.Manufacturer\",\"active\":true}]},\"prototypeQuery\":{\"Version\":2,\"From\":[{\"Name\":\"c\",\"Entity\":\"Car_sales\",\"Type\":0}],\"Select\":[{\"Aggregation\":{\"Expression\":{\"Column\":{\"Expression\":{\"SourceRef\":{\"Source\":\"c\"}},\"Property\":\"Salescount\"}},\"Function\":0},\"Name\":\"Sum(Car_sales.Salescount)\",\"NativeReferenceName\":\"Sum of Salescount\"},{\"Column\":{\"Expression\":{\"SourceRef\":{\"Source\":\"c\"}},\"Property\":\"Manufacturer\"},\"Name\":\"Car_sales.Manufacturer\",\"NativeReferenceName\":\"Manufacturer\"}],\"OrderBy\":[{\"Direction\":2,\"Expression\":{\"Aggregation\":{\"Expression\":{\"Column\":{\"Expression\":{\"SourceRef\":{\"Source\":\"c\"}},\"Property\":\"Salescount\"}},\"Function\":0}}}]},\"drillFilterOtherVisuals\":true,\"hasDefaultSort\":true,\"objects\":{\"dataPoint\":[{\"properties\":{\"fill\":{\"solid\":{\"color\":{\"expr\":{\"ThemeDataColor\":{\"ColorId\":1,\"Percent\":0.6}}}}}},\"selector\":{\"metadata\":\"Sum(Car_sales.Salescount)\"}}]},\"vcObjects\":{\"dropShadow\":[{\"properties\":{\"show\":{\"expr\":{\"Literal\":{\"Value\":\"true\"}}}}}]}}}",
          "filters": "[]",
          "height": 370.50,
          "width": 959.18,
          "x": 252.49,
          "y": 321.10,
          "z": 8000.00
        },
        {
          "config": "{\"name\":\"99b6ea513d119c9fd6de\",\"layouts\":[{\"id\":0,\"position\":{\"x\":823.3303740431163,\"y\":187.9937687398449,\"z\":6000,\"width\":185.2493341597012,\"height\":118.01068694618002,\"tabOrder\":6000}}],\"singleVisual\":{\"visualType\":\"card\",\"projections\":{\"Values\":[{\"queryRef\":\"Sum(MAX.Max Weight)\"}]},\"prototypeQuery\":{\"Version\":2,\"From\":[{\"Name\":\"m\",\"Entity\":\"MAX\",\"Type\":0}],\"Select\":[{\"Aggregation\":{\"Expression\":{\"Column\":{\"Expression\":{\"SourceRef\":{\"Source\":\"m\"}},\"Property\":\"Max Weight\"}},\"Function\":0},\"Name\":\"Sum(MAX.Max Weight)\",\"NativeReferenceName\":\"Sum of Max Weight\"}],\"OrderBy\":[{\"Direction\":2,\"Expression\":{\"Aggregation\":{\"Expression\":{\"Column\":{\"Expression\":{\"SourceRef\":{\"Source\":\"m\"}},\"Property\":\"Max Weight\"}},\"Function\":0}}}]},\"drillFilterOtherVisuals\":true,\"hasDefaultSort\":true,\"vcObjects\":{\"dropShadow\":[{\"properties\":{\"show\":{\"expr\":{\"Literal\":{\"Value\":\"true\"}}}}}]}}}",
          "filters": "[]",
          "height": 118.01,
          "width": 185.25,
          "x": 823.33,
          "y": 187.99,
          "z": 6000.00
        },
        {
          "config": "{\"name\":\"a96d6f5843e0cffdc13f\",\"layouts\":[{\"id\":0,\"position\":{\"x\":436.3650982428517,\"y\":183.8771168696293,\"z\":4000,\"width\":166.03829209869514,\"height\":119.38290423625187,\"tabOrder\":4000}}],\"singleVisual\":{\"visualType\":\"card\",\"projections\":{\"Values\":[{\"queryRef\":\"Sum(MAX.Max Length)\"}]},\"prototypeQuery\":{\"Version\":2,\"From\":[{\"Name\":\"m\",\"Entity\":\"MAX\",\"Type\":0}],\"Select\":[{\"Aggregation\":{\"Expression\":{\"Column\":{\"Expression\":{\"SourceRef\":{\"Source\":\"m\"}},\"Property\":\"Max Length\"}},\"Function\":0},\"Name\":\"Sum(MAX.Max Length)\",\"NativeReferenceName\":\"Sum of Max Length\"}],\"OrderBy\":[{\"Direction\":2,\"Expression\":{\"Aggregation\":{\"Expression\":{\"Column\":{\"Expression\":{\"SourceRef\":{\"Source\":\"m\"}},\"Property\":\"Max Length\"}},\"Function\":0}}}]},\"drillFilterOtherVisuals\":true,\"hasDefaultSort\":true,\"vcObjects\":{\"dropShadow\":[{\"properties\":{\"show\":{\"expr\":{\"Literal\":{\"Value\":\"true\"}}}}}]}}}",
          "filters": "[]",
          "height": 119.38,
          "width": 166.04,
          "x": 436.37,
          "y": 183.88,
          "z": 4000.00
        },
        {
          "config": "{\"name\":\"b25871f1d3061032583d\",\"layouts\":[{\"id\":0,\"position\":{\"x\":624.3588669826966,\"y\":41.16651870215582,\"z\":5000,\"width\":170.15494396891071,\"height\":122.12733881639559,\"tabOrder\":5000}}],\"singleVisual\":{\"visualType\":\"card\",\"projections\":{\"Values\":[{\"queryRef\":\"Sum(MAX.Max Price )\"}]},\"prototypeQuery\":{\"Version\":2,\"From\":[{\"Name\":\"m\",\"Entity\":\"MAX\",\"Type\":0}],\"Select\":[{\"Aggregation\":{\"Expression\":{\"Column\":{\"Expression\":{\"SourceRef\":{\"Source\":\"m\"}},\"Property\":\"Max Price \"}},\"Function\":0},\"Name\":\"Sum(MAX.Max Price )\",\"NativeReferenceName\":\"Sum of Max Price \"}],\"OrderBy\":[{\"Direction\":2,\"Expression\":{\"Aggregation\":{\"Expression\":{\"Column\":{\"Expression\":{\"SourceRef\":{\"Source\":\"m\"}},\"Property\":\"Max Price \"}},\"Function\":0}}}]},\"drillFilterOtherVisuals\":true,\"hasDefaultSort\":true,\"vcObjects\":{\"dropShadow\":[{\"properties\":{\"show\":{\"expr\":{\"Literal\":{\"Value\":\"true\"}}}}}]}}}",
          "filters": "[]",
          "height": 122.13,
          "width": 170.15,
          "x": 624.36,
          "y": 41.17,
          "z": 5000.00
        },
        {
          "config": "{\"name\":\"c0b8a49687c099664276\",\"layouts\":[{\"id\":0,\"position\":{\"x\":624.3588669826966,\"y\":183.8771168696293,\"z\":1000,\"width\":170.15494396891071,\"height\":118.01068694618002,\"tabOrder\":1000}}],\"singleVisual\":{\"visualType\":\"card\",\"projections\":{\"Values\":[{\"queryRef\":\"Car_sales.Max FuelEfficiency\"}]},\"prototypeQuery\":{\"Version\":2,\"From\":[{\"Name\":\"c\",\"Entity\":\"Car_sales\",\"Type\":0}],\"Select\":[{\"Measure\":{\"Expression\":{\"SourceRef\":{\"Source\":\"c\"}},\"Property\":\"Max FuelEfficiency\"},\"Name\":\"Car_sales.Max FuelEfficiency\",\"NativeReferenceName\":\"Max FuelEfficiency\"}],\"OrderBy\":[{\"Direction\":2,\"Expression\":{\"Measure\":{\"Expression\":{\"SourceRef\":{\"Source\":\"c\"}},\"Property\":\"Max FuelEfficiency\"}}}]},\"drillFilterOtherVisuals\":true,\"hasDefaultSort\":true,\"vcObjects\":{\"dropShadow\":[{\"properties\":{\"show\":{\"expr\":{\"Literal\":{\"Value\":\"true\"}}}}}]}}}",
          "filters": "[]",
          "height": 118.01,
          "width": 170.15,
          "x": 624.36,
          "y": 183.88,
          "z": 1000.00
        },
        {
          "config": "{\"name\":\"c19e58ce61eb2e7d5cfb\",\"layouts\":[{\"id\":0,\"position\":{\"x\":21.95547664114977,\"y\":535.1647431280256,\"z\":13000,\"width\":100.17186217524582,\"height\":64.49421263337744,\"tabOrder\":13000}}],\"singleVisual\":{\"visualType\":\"actionButton\",\"drillFilterOtherVisuals\":true,\"objects\":{\"icon\":[{\"properties\":{\"shapeType\":{\"expr\":{\"Literal\":{\"Value\":\"'blank'\"}}}},\"selector\":{\"id\":\"default\"}},{\"properties\":{\"show\":{\"expr\":{\"Literal\":{\"Value\":\"true\"}}}}}],\"outline\":[{\"properties\":{\"show\":{\"expr\":{\"Literal\":{\"Value\":\"false\"}}}}}]},\"vcObjects\":{\"visualLink\":[{\"properties\":{\"show\":{\"expr\":{\"Literal\":{\"Value\":\"true\"}}},\"type\":{\"expr\":{\"Literal\":{\"Value\":\"'PageNavigation'\"}}},\"navigationSection\":{\"expr\":{\"Literal\":{\"Value\":\"'ReportSection491d3d016a5d5836e3b3'\"}}}}}]}},\"howCreated\":\"InsertVisualButton\"}",
          "filters": "[]",
          "height": 64.49,
          "width": 100.17,
          "x": 21.96,
          "y": 535.16,
          "z": 13000.00
        },
        {
          "config": "{\"name\":\"d42208fff35a8336b717\",\"layouts\":[{\"id\":0,\"position\":{\"x\":21.95547664114977,\"y\":411.66518702155815,\"z\":12000,\"width\":100.17186217524582,\"height\":64.49421263337744,\"tabOrder\":12000}}],\"singleVisual\":{\"visualType\":\"actionButton\",\"drillFilterOtherVisuals\":true,\"objects\":{\"icon\":[{\"properties\":{\"shapeType\":{\"expr\":{\"Literal\":{\"Value\":\"'blank'\"}}}},\"selector\":{\"id\":\"default\"}},{\"properties\":{\"show\":{\"expr\":{\"Literal\":{\"Value\":\"true\"}}}}}],\"outline\":[{\"properties\":{\"show\":{\"expr\":{\"Literal\":{\"Value\":\"false\"}}}}}]},\"vcObjects\":{\"visualLink\":[{\"properties\":{\"show\":{\"expr\":{\"Literal\":{\"Value\":\"true\"}}},\"type\":{\"expr\":{\"Literal\":{\"Value\":\"'PageNavigation'\"}}}}}]}},\"howCreated\":\"InsertVisualButton\"}",
          "filters": "[]",
          "height": 64.49,
          "width": 100.17,
          "x": 21.96,
          "y": 411.67,
          "z": 12000.00
        },
        {
          "config": "{\"name\":\"d866086530ad75606b63\",\"layouts\":[{\"id\":0,\"position\":{\"x\":19.211042061006047,\"y\":185.2493341597012,\"z\":10000,\"width\":100.17186217524582,\"height\":64.49421263337744,\"tabOrder\":10000}}],\"singleVisual\":{\"visualType\":\"actionButton\",\"drillFilterOtherVisuals\":true,\"objects\":{\"icon\":[{\"properties\":{\"shapeType\":{\"expr\":{\"Literal\":{\"Value\":\"'blank'\"}}}},\"selector\":{\"id\":\"default\"}},{\"properties\":{\"show\":{\"expr\":{\"Literal\":{\"Value\":\"true\"}}}}}],\"outline\":[{\"properties\":{\"show\":{\"expr\":{\"Literal\":{\"Value\":\"false\"}}}}}]},\"vcObjects\":{\"visualLink\":[{\"properties\":{\"show\":{\"expr\":{\"Literal\":{\"Value\":\"true\"}}},\"type\":{\"expr\":{\"Literal\":{\"Value\":\"'PageNavigation'\"}}},\"navigationSection\":{\"expr\":{\"Literal\":{\"Value\":\"'ReportSection'\"}}}}}]}},\"howCreated\":\"InsertVisualButton\"}",
          "filters": "[]",
          "height": 64.49,
          "width": 100.17,
          "x": 19.21,
          "y": 185.25,
          "z": 10000.00
        },
        {
          "config": "{\"name\":\"e967732770527217f92f\",\"layouts\":[{\"id\":0,\"position\":{\"x\":1026.4185329737518,\"y\":183.8771168696293,\"z\":7000,\"width\":185.2493341597012,\"height\":122.12733881639559,\"tabOrder\":7000}}],\"singleVisual\":{\"visualType\":\"card\",\"projections\":{\"Values\":[{\"queryRef\":\"Sum(MAX.Max Width)\"}]},\"prototypeQuery\":{\"Version\":2,\"From\":[{\"Name\":\"m\",\"Entity\":\"MAX\",\"Type\":0}],\"Select\":[{\"Aggregation\":{\"Expression\":{\"Column\":{\"Expression\":{\"SourceRef\":{\"Source\":\"m\"}},\"Property\":\"Max Width\"}},\"Function\":0},\"Name\":\"Sum(MAX.Max Width)\",\"NativeReferenceName\":\"Sum of Max Width\"}],\"OrderBy\":[{\"Direction\":2,\"Expression\":{\"Aggregation\":{\"Expression\":{\"Column\":{\"Expression\":{\"SourceRef\":{\"Source\":\"m\"}},\"Property\":\"Max Width\"}},\"Function\":0}}}]},\"drillFilterOtherVisuals\":true,\"hasDefaultSort\":true,\"vcObjects\":{\"dropShadow\":[{\"properties\":{\"show\":{\"expr\":{\"Literal\":{\"Value\":\"true\"}}}}}]}}}",
          "filters": "[]",
          "height": 122.13,
          "width": 185.25,
          "x": 1026.42,
          "y": 183.88,
          "z": 7000.00
        },
        {
          "config": "{\"name\":\"f24568a7d92aefb5ade5\",\"layouts\":[{\"id\":0,\"position\":{\"x\":436.3650982428517,\"y\":42.53873599222768,\"z\":0,\"width\":166.03829209869514,\"height\":122.12733881639559,\"tabOrder\":0}}],\"singleVisual\":{\"visualType\":\"card\",\"projections\":{\"Values\":[{\"queryRef\":\"Car_sales.Max Sales\"}]},\"prototypeQuery\":{\"Version\":2,\"From\":[{\"Name\":\"c\",\"Entity\":\"Car_sales\",\"Type\":0}],\"Select\":[{\"Measure\":{\"Expression\":{\"SourceRef\":{\"Source\":\"c\"}},\"Property\":\"Max Sales\"},\"Name\":\"Car_sales.Max Sales\",\"NativeReferenceName\":\"Max Sales\"}],\"OrderBy\":[{\"Direction\":2,\"Expression\":{\"Measure\":{\"Expression\":{\"SourceRef\":{\"Source\":\"c\"}},\"Property\":\"Max Sales\"}}}]},\"drillFilterOtherVisuals\":true,\"hasDefaultSort\":true,\"vcObjects\":{\"dropShadow\":[{\"properties\":{\"show\":{\"expr\":{\"Literal\":{\"Value\":\"true\"}}}}}]}}}",
          "filters": "[]",
          "height": 122.13,
          "width": 166.04,
          "x": 436.37,
          "y": 42.54,
          "z": 0.00
        },
        {
          "config": "{\"name\":\"f288684c9dfcb0ff6fd4\",\"layouts\":[{\"id\":0,\"position\":{\"x\":823.3303740431163,\"y\":41.16651870215582,\"z\":2000,\"width\":185.2493341597012,\"height\":122.12733881639559,\"tabOrder\":2000}}],\"singleVisual\":{\"visualType\":\"card\",\"projections\":{\"Values\":[{\"queryRef\":\"Sum(MAX.Max Fuelcapacity)\"}]},\"prototypeQuery\":{\"Version\":2,\"From\":[{\"Name\":\"m\",\"Entity\":\"MAX\",\"Type\":0}],\"Select\":[{\"Aggregation\":{\"Expression\":{\"Column\":{\"Expression\":{\"SourceRef\":{\"Source\":\"m\"}},\"Property\":\"Max Fuelcapacity\"}},\"Function\":0},\"Name\":\"Sum(MAX.Max Fuelcapacity)\",\"NativeReferenceName\":\"Sum of Max Fuelcapacity\"}],\"OrderBy\":[{\"Direction\":2,\"Expression\":{\"Aggregation\":{\"Expression\":{\"Column\":{\"Expression\":{\"SourceRef\":{\"Source\":\"m\"}},\"Property\":\"Max Fuelcapacity\"}},\"Function\":0}}}]},\"drillFilterOtherVisuals\":true,\"hasDefaultSort\":true,\"vcObjects\":{\"dropShadow\":[{\"properties\":{\"show\":{\"expr\":{\"Literal\":{\"Value\":\"true\"}}}}}]}}}",
          "filters": "[]",
          "height": 122.13,
          "width": 185.25,
          "x": 823.33,
          "y": 41.17,
          "z": 2000.00
        }
      ],
      "width": 1280.00
    },
    {
      "config": "{\"objects\":{\"background\":[{\"properties\":{\"image\":{\"image\":{\"name\":{\"expr\":{\"Literal\":{\"Value\":\"'car2.jpg'\"}}},\"url\":{\"expr\":{\"ResourcePackageItem\":{\"PackageName\":\"RegisteredResources\",\"PackageType\":1,\"ItemName\":\"car22071482045087274.jpg\"}}},\"scaling\":{\"expr\":{\"Literal\":{\"Value\":\"'Normal'\"}}}}},\"transparency\":{\"expr\":{\"Literal\":{\"Value\":\"0D\"}}}}}]},\"visibility\":1}",
      "displayName": "Page 4",
      "displayOption": 1,
      "filters": "[]",
      "height": 720.00,
      "name": "ReportSection491d3d016a5d5836e3b3",
      "ordinal": 3,
      "visualContainers": [
        {
          "config": "{\"name\":\"0e47e49381e9f008b182\",\"layouts\":[{\"id\":0,\"position\":{\"x\":19.211042061006047,\"y\":418.5262734719175,\"z\":9000,\"width\":100.17186217524582,\"height\":64.49421263337744,\"tabOrder\":9000}}],\"singleVisual\":{\"visualType\":\"actionButton\",\"drillFilterOtherVisuals\":true,\"objects\":{\"icon\":[{\"properties\":{\"shapeType\":{\"expr\":{\"Literal\":{\"Value\":\"'blank'\"}}}},\"selector\":{\"id\":\"default\"}},{\"properties\":{\"show\":{\"expr\":{\"Literal\":{\"Value\":\"true\"}}}}}],\"outline\":[{\"properties\":{\"show\":{\"expr\":{\"Literal\":{\"Value\":\"false\"}}}}}]},\"vcObjects\":{\"visualLink\":[{\"properties\":{\"show\":{\"expr\":{\"Literal\":{\"Value\":\"true\"}}},\"type\":{\"expr\":{\"Literal\":{\"Value\":\"'PageNavigation'\"}}},\"navigationSection\":{\"expr\":{\"Literal\":{\"Value\":\"'ReportSection5ae7cf11f3c996b8cd79'\"}}}}}]}},\"howCreated\":\"InsertVisualButton\"}",
          "filters": "[]",
          "height": 64.49,
          "width": 100.17,
          "x": 19.21,
          "y": 418.53,
          "z": 9000.00
        },
        {
          "config": "{\"name\":\"3471b6948bbebf21ce6c\",\"layouts\":[{\"id\":0,\"position\":{\"x\":544.7702641585287,\"y\":293.65450007537817,\"z\":0,\"width\":665.5253856848524,\"height\":389.7097103804084,\"tabOrder\":0}}],\"singleVisual\":{\"visualType\":\"tableEx\",\"projections\":{\"Values\":[{\"queryRef\":\"Car_sales.Latest_Launch.Variation.Date Hierarchy.Year\"},{\"queryRef\":\"Car_sales.Model\"},{\"queryRef\":\"Car_sales.Manufacturer\"},{\"queryRef\":\"Car_sales.Vehicle_type\"},{\"queryRef\":\"Sum(Car_sales.Price_in_thousands)\"},{\"queryRef\":\"Car_sales.MostRecentLaunch\"}]},\"prototypeQuery\":{\"Version\":2,\"From\":[{\"Name\":\"c\",\"Entity\":\"Car_sales\",\"Type\":0}],\"Select\":[{\"Column\":{\"Expression\":{\"SourceRef\":{\"Source\":\"c\"}},\"Property\":\"MostRecentLaunch\"},\"Name\":\"Car_sales.MostRecentLaunch\",\"NativeReferenceName\":\"MostRecentLaunch\"},{\"Column\":{\"Expression\":{\"SourceRef\":{\"Source\":\"c\"}},\"Property\":\"Vehicle_type\"},\"Name\":\"Car_sales.Vehicle_type\",\"NativeReferenceName\":\"Vehicle_type\"},{\"Column\":{\"Expression\":{\"SourceRef\":{\"Source\":\"c\"}},\"Property\":\"Latest_Launch\"},\"Name\":\"Car_sales.Latest_Launch.Variation.Date Hierarchy.Year\",\"NativeReferenceName\":\"Latest_Launch Year\"},{\"Column\":{\"Expression\":{\"SourceRef\":{\"Source\":\"c\"}},\"Property\":\"Model\"},\"Name\":\"Car_sales.Model\",\"NativeReferenceName\":\"Model\"},{\"Column\":{\"Expression\":{\"SourceRef\":{\"Source\":\"c\"}},\"Property\":\"Price_in_thousands\"},\"Name\":\"Sum(Car_sales.Price_in_thousands)\",\"NativeReferenceName\":\"Price_in_thousands\"},{\"Column\":{\"Expression\":{\"SourceRef\":{\"Source\":\"c\"}},\"Property\":\"Manufacturer\"},\"Name\":\"Car_sales.Manufacturer\",\"NativeReferenceName\":\"Manufacturer\"}],\"OrderBy\":[{\"Direction\":1,\"Expression\":{\"Column\":{\"Expression\":{\"SourceRef\":{\"Source\":\"c\"}},\"Property\":\"Latest_Launch\"}}}]},\"drillFilterOtherVisuals\":true,\"objects\":{\"columnWidth\":[{\"properties\":{\"value\":{\"expr\":{\"Literal\":{\"Value\":\"283.5494393366722D\"}}}},\"selector\":{\"metadata\":\"Car_sales.MostRecentLaunch\"}}],\"columnHeaders\":[{\"properties\":{\"alignment\":{\"expr\":{\"Literal\":{\"Value\":\"'Left'\"}}}}}]},\"vcObjects\":{\"stylePreset\":[{\"properties\":{\"name\":{\"expr\":{\"Literal\":{\"Value\":\"'None'\"}}}}}],\"dropShadow\":[{\"properties\":{\"show\":{\"expr\":{\"Literal\":{\"Value\":\"true\"}}}}}]}}}",
          "filters": "[]",
          "height": 389.71,
          "width": 665.53,
          "x": 544.77,
          "y": 293.65,
          "z": 0.00
        },
        {
          "config": "{\"name\":\"43c6af0dfd43c3bca29f\",\"layouts\":[{\"id\":0,\"position\":{\"x\":1062.09618251562,\"y\":30.188780381580933,\"z\":1000,\"width\":148.19946732776094,\"height\":107.03294862560513,\"tabOrder\":1000}}],\"singleVisual\":{\"visualType\":\"card\",\"projections\":{\"Values\":[{\"queryRef\":\"Sum(Car_sales.Salescount)\"}]},\"prototypeQuery\":{\"Version\":2,\"From\":[{\"Name\":\"c\",\"Entity\":\"Car_sales\",\"Type\":0}],\"Select\":[{\"Aggregation\":{\"Expression\":{\"Column\":{\"Expression\":{\"SourceRef\":{\"Source\":\"c\"}},\"Property\":\"Salescount\"}},\"Function\":0},\"Name\":\"Sum(Car_sales.Salescount)\",\"NativeReferenceName\":\"Sum of Salescount\"}],\"OrderBy\":[{\"Direction\":2,\"Expression\":{\"Aggregation\":{\"Expression\":{\"Column\":{\"Expression\":{\"SourceRef\":{\"Source\":\"c\"}},\"Property\":\"Salescount\"}},\"Function\":0}}}]},\"drillFilterOtherVisuals\":true,\"hasDefaultSort\":true,\"vcObjects\":{\"dropShadow\":[{\"properties\":{\"show\":{\"expr\":{\"Literal\":{\"Value\":\"true\"}}}}}]}}}",
          "filters": "[]",
          "height": 107.03,
          "width": 148.20,
          "x": 1062.10,
          "y": 30.19,
          "z": 1000.00
        },
        {
          "config": "{\"name\":\"70b3cd713db54777bc58\",\"layouts\":[{\"id\":0,\"position\":{\"x\":19.211042061006047,\"y\":295.02671736545005,\"z\":8000,\"width\":100.17186217524582,\"height\":64.49421263337744,\"tabOrder\":8000}}],\"singleVisual\":{\"visualType\":\"actionButton\",\"drillFilterOtherVisuals\":true,\"objects\":{\"icon\":[{\"properties\":{\"shapeType\":{\"expr\":{\"Literal\":{\"Value\":\"'blank'\"}}}},\"selector\":{\"id\":\"default\"}},{\"properties\":{\"show\":{\"expr\":{\"Literal\":{\"Value\":\"true\"}}}}}],\"outline\":[{\"properties\":{\"show\":{\"expr\":{\"Literal\":{\"Value\":\"false\"}}}}}]},\"vcObjects\":{\"visualLink\":[{\"properties\":{\"show\":{\"expr\":{\"Literal\":{\"Value\":\"true\"}}},\"type\":{\"expr\":{\"Literal\":{\"Value\":\"'PageNavigation'\"}}},\"navigationSection\":{\"expr\":{\"Literal\":{\"Value\":\"'ReportSection5ae7cf11f3c996b8cd79'\"}}}}}]}},\"howCreated\":\"InsertVisualButton\"}",
          "filters": "[]",
          "height": 64.49,
          "width": 100.17,
          "x": 19.21,
          "y": 295.03,
          "z": 8000.00
        },
        {
          "config": "{\"name\":\"7df808a6b59c5d94710f\",\"layouts\":[{\"id\":0,\"position\":{\"x\":19.211042061006047,\"y\":539.2813949982412,\"z\":10000,\"width\":100.17186217524582,\"height\":64.49421263337744,\"tabOrder\":10000}}],\"singleVisual\":{\"visualType\":\"actionButton\",\"drillFilterOtherVisuals\":true,\"objects\":{\"icon\":[{\"properties\":{\"shapeType\":{\"expr\":{\"Literal\":{\"Value\":\"'blank'\"}}}},\"selector\":{\"id\":\"default\"}},{\"properties\":{\"show\":{\"expr\":{\"Literal\":{\"Value\":\"true\"}}}}}],\"outline\":[{\"properties\":{\"show\":{\"expr\":{\"Literal\":{\"Value\":\"false\"}}}}}]},\"vcObjects\":{\"visualLink\":[{\"properties\":{\"show\":{\"expr\":{\"Literal\":{\"Value\":\"true\"}}},\"type\":{\"expr\":{\"Literal\":{\"Value\":\"'PageNavigation'\"}}}}}]}},\"howCreated\":\"InsertVisualButton\"}",
          "filters": "[]",
          "height": 64.49,
          "width": 100.17,
          "x": 19.21,
          "y": 539.28,
          "z": 10000.00
        },
        {
          "config": "{\"name\":\"8d0acf1b168a3d95616f\",\"layouts\":[{\"id\":0,\"position\":{\"x\":854.8913717147691,\"y\":149.5716846178328,\"z\":2000,\"width\":355.4042781286119,\"height\":122.12733881639559,\"tabOrder\":2000}}],\"singleVisual\":{\"visualType\":\"card\",\"projections\":{\"Values\":[{\"queryRef\":\"Car_sales.MostSoldVehicleType\"}]},\"prototypeQuery\":{\"Version\":2,\"From\":[{\"Name\":\"c\",\"Entity\":\"Car_sales\",\"Type\":0}],\"Select\":[{\"Measure\":{\"Expression\":{\"SourceRef\":{\"Source\":\"c\"}},\"Property\":\"MostSoldVehicleType\"},\"Name\":\"Car_sales.MostSoldVehicleType\",\"NativeReferenceName\":\"MostSoldVehicleType\"}]},\"drillFilterOtherVisuals\":true,\"vcObjects\":{\"dropShadow\":[{\"properties\":{\"show\":{\"expr\":{\"Literal\":{\"Value\":\"true\"}}}}}]}}}",
          "filters": "[]",
          "height": 122.13,
          "width": 355.40,
          "x": 854.89,
          "y": 149.57,
          "z": 2000.00
        },
        {
          "config": "{\"name\":\"a44feba61ab9ad49798f\",\"layouts\":[{\"id\":0,\"position\":{\"x\":170.15494396891071,\"y\":150.94390190790466,\"z\":4000,\"width\":345.79875709810887,\"height\":533.7925258379538,\"tabOrder\":4000}}],\"singleVisual\":{\"visualType\":\"funnel\",\"projections\":{\"Y\":[{\"queryRef\":\"Sum(Car_sales.Length)\"},{\"queryRef\":\"Sum(Car_sales.Salescount)\"},{\"queryRef\":\"Sum(Car_sales.Power_perf_factor)\"},{\"queryRef\":\"Sum(Car_sales.Sales_in_thousands)\"},{\"queryRef\":\"Sum(Car_sales.Price_in_thousands)\"},{\"queryRef\":\"Sum(Car_sales.Fuel_capacity)\"},{\"queryRef\":\"Sum(Car_sales.Engine_size)\"}]},\"prototypeQuery\":{\"Version\":2,\"From\":[{\"Name\":\"c\",\"Entity\":\"Car_sales\",\"Type\":0}],\"Select\":[{\"Aggregation\":{\"Expression\":{\"Column\":{\"Expression\":{\"SourceRef\":{\"Source\":\"c\"}},\"Property\":\"Length\"}},\"Function\":0},\"Name\":\"Sum(Car_sales.Length)\",\"NativeReferenceName\":\"Sum of Length\"},{\"Aggregation\":{\"Expression\":{\"Column\":{\"Expression\":{\"SourceRef\":{\"Source\":\"c\"}},\"Property\":\"Power_perf_factor\"}},\"Function\":0},\"Name\":\"Sum(Car_sales.Power_perf_factor)\",\"NativeReferenceName\":\"Sum of Power_perf_factor\"},{\"Aggregation\":{\"Expression\":{\"Column\":{\"Expression\":{\"SourceRef\":{\"Source\":\"c\"}},\"Property\":\"Salescount\"}},\"Function\":0},\"Name\":\"Sum(Car_sales.Salescount)\",\"NativeReferenceName\":\"Sum of Salescount\"},{\"Aggregation\":{\"Expression\":{\"Column\":{\"Expression\":{\"SourceRef\":{\"Source\":\"c\"}},\"Property\":\"Sales_in_thousands\"}},\"Function\":0},\"Name\":\"Sum(Car_sales.Sales_in_thousands)\",\"NativeReferenceName\":\"Sum of Sales_in_thousands\"},{\"Aggregation\":{\"Expression\":{\"Column\":{\"Expression\":{\"SourceRef\":{\"Source\":\"c\"}},\"Property\":\"Price_in_thousands\"}},\"Function\":0},\"Name\":\"Sum(Car_sales.Price_in_thousands)\",\"NativeReferenceName\":\"Sum of Price_in_thousands\"},{\"Aggregation\":{\"Expression\":{\"Column\":{\"Expression\":{\"SourceRef\":{\"Source\":\"c\"}},\"Property\":\"Fuel_capacity\"}},\"Function\":0},\"Name\":\"Sum(Car_sales.Fuel_capacity)\",\"NativeReferenceName\":\"Sum of Fuel_capacity\"},{\"Aggregation\":{\"Expression\":{\"Column\":{\"Expression\":{\"SourceRef\":{\"Source\":\"c\"}},\"Property\":\"Engine_size\"}},\"Function\":0},\"Name\":\"Sum(Car_sales.Engine_size)\",\"NativeReferenceName\":\"Sum of Engine_size\"}],\"OrderBy\":[{\"Direction\":2,\"Expression\":{\"Aggregation\":{\"Expression\":{\"Column\":{\"Expression\":{\"SourceRef\":{\"Source\":\"c\"}},\"Property\":\"Length\"}},\"Function\":0}}}]},\"drillFilterOtherVisuals\":true,\"hasDefaultSort\":true,\"objects\":{\"dataPoint\":[{\"properties\":{\"fill\":{\"solid\":{\"color\":{\"expr\":{\"ThemeDataColor\":{\"ColorId\":0,\"Percent\":-0.3}}}}}}}]},\"vcObjects\":{\"title\":[{\"properties\":{\"text\":{\"expr\":{\"Literal\":{\"Value\":\"'Sum of length, salescount, PPfactor, Sales, Price, FuelCapacity and engine size'\"}}},\"fontFamily\":{\"expr\":{\"Literal\":{\"Value\":\"'''Segoe UI Semibold'', wf_segoe-ui_semibold, helvetica, arial, sans-serif'\"}}}}}],\"subTitle\":[{\"properties\":{\"show\":{\"expr\":{\"Literal\":{\"Value\":\"false\"}}}}}],\"divider\":[{\"properties\":{\"show\":{\"expr\":{\"Literal\":{\"Value\":\"false\"}}}}}],\"spacing\":[{\"properties\":{\"customizeSpacing\":{\"expr\":{\"Literal\":{\"Value\":\"false\"}}}}}],\"background\":[{\"properties\":{\"color\":{\"solid\":{\"color\":{\"expr\":{\"ThemeDataColor\":{\"ColorId\":0,\"Percent\":0}}}}}}}],\"dropShadow\":[{\"properties\":{\"show\":{\"expr\":{\"Literal\":{\"Value\":\"true\"}}}}}]}}}",
          "filters": "[]",
          "height": 533.79,
          "width": 345.80,
          "x": 170.15,
          "y": 150.94,
          "z": 4000.00
        },
        {
          "config": "{\"name\":\"c4e502bd15647275c8c6\",\"layouts\":[{\"id\":0,\"position\":{\"x\":170.15494396891071,\"y\":28.81656309150907,\"z\":6000,\"width\":345.79875709810887,\"height\":108.40516591567699,\"tabOrder\":6000}}],\"singleVisual\":{\"visualType\":\"slicer\",\"projections\":{\"Values\":[{\"queryRef\":\"Date.year\",\"active\":true}]},\"prototypeQuery\":{\"Version\":2,\"From\":[{\"Name\":\"d\",\"Entity\":\"Date\",\"Type\":0}],\"Select\":[{\"Column\":{\"Expression\":{\"SourceRef\":{\"Source\":\"d\"}},\"Property\":\"year\"},\"Name\":\"Date.year\",\"NativeReferenceName\":\"year\"}]},\"drillFilterOtherVisuals\":true,\"objects\":{\"data\":[{\"properties\":{\"mode\":{\"expr\":{\"Literal\":{\"Value\":\"'Between'\"}}}}}]},\"vcObjects\":{\"dropShadow\":[{\"properties\":{\"show\":{\"expr\":{\"Literal\":{\"Value\":\"true\"}}}}}]}}}",
          "filters": "[]",
          "height": 108.41,
          "width": 345.80,
          "x": 170.15,
          "y": 28.82,
          "z": 6000.00
        },
        {
          "config": "{\"name\":\"d440bfa1bab87dc3449f\",\"layouts\":[{\"id\":0,\"position\":{\"x\":19.211042061006047,\"y\":185.2493341597012,\"z\":7000,\"width\":100.17186217524582,\"height\":64.49421263337744,\"tabOrder\":7000}}],\"singleVisual\":{\"visualType\":\"actionButton\",\"drillFilterOtherVisuals\":true,\"objects\":{\"icon\":[{\"properties\":{\"shapeType\":{\"expr\":{\"Literal\":{\"Value\":\"'blank'\"}}}},\"selector\":{\"id\":\"default\"}},{\"properties\":{\"show\":{\"expr\":{\"Literal\":{\"Value\":\"true\"}}}}}],\"outline\":[{\"properties\":{\"show\":{\"expr\":{\"Literal\":{\"Value\":\"false\"}}}}}]},\"vcObjects\":{\"visualLink\":[{\"properties\":{\"show\":{\"expr\":{\"Literal\":{\"Value\":\"true\"}}},\"type\":{\"expr\":{\"Literal\":{\"Value\":\"'PageNavigation'\"}}},\"navigationSection\":{\"expr\":{\"Literal\":{\"Value\":\"'ReportSection'\"}}}}}]}},\"howCreated\":\"InsertVisualButton\"}",
          "filters": "[]",
          "height": 64.49,
          "width": 100.17,
          "x": 19.21,
          "y": 185.25,
          "z": 7000.00
        },
        {
          "config": "{\"name\":\"eed831a1e4b7eb5bcca8\",\"layouts\":[{\"id\":0,\"position\":{\"x\":544.7702641585287,\"y\":30.188780381580933,\"z\":5000,\"width\":296.3989346555219,\"height\":241.51024305264747,\"tabOrder\":5000}}],\"singleVisual\":{\"visualType\":\"donutChart\",\"projections\":{\"Y\":[{\"queryRef\":\"CountNonNull(Car_sales.Latest_Launch)\"}],\"Category\":[{\"queryRef\":\"Car_sales.Model\",\"active\":true}]},\"prototypeQuery\":{\"Version\":2,\"From\":[{\"Name\":\"c\",\"Entity\":\"Car_sales\",\"Type\":0}],\"Select\":[{\"Aggregation\":{\"Expression\":{\"Column\":{\"Expression\":{\"SourceRef\":{\"Source\":\"c\"}},\"Property\":\"Latest_Launch\"}},\"Function\":5},\"Name\":\"CountNonNull(Car_sales.Latest_Launch)\",\"NativeReferenceName\":\"Count of Latest_Launch\"},{\"Column\":{\"Expression\":{\"SourceRef\":{\"Source\":\"c\"}},\"Property\":\"Model\"},\"Name\":\"Car_sales.Model\",\"NativeReferenceName\":\"Model\"}],\"OrderBy\":[{\"Direction\":2,\"Expression\":{\"Aggregation\":{\"Expression\":{\"Column\":{\"Expression\":{\"SourceRef\":{\"Source\":\"c\"}},\"Property\":\"Latest_Launch\"}},\"Function\":5}}}]},\"drillFilterOtherVisuals\":true,\"hasDefaultSort\":true,\"objects\":{\"dataPoint\":[{\"properties\":{\"fill\":{\"solid\":{\"color\":{\"expr\":{\"ThemeDataColor\":{\"ColorId\":1,\"Percent\":0.2}}}}}},\"selector\":{\"data\":[{\"scopeId\":{\"Comparison\":{\"ComparisonKind\":0,\"Left\":{\"Column\":{\"Expression\":{\"SourceRef\":{\"Entity\":\"Car_sales\"}},\"Property\":\"Model\"}},\"Right\":{\"Literal\":{\"Value\":\"'Villager'\"}}}}}]}},{\"properties\":{\"fill\":{\"solid\":{\"color\":{\"expr\":{\"ThemeDataColor\":{\"ColorId\":1,\"Percent\":0.4}}}}}},\"selector\":{\"data\":[{\"scopeId\":{\"Comparison\":{\"ComparisonKind\":0,\"Left\":{\"Column\":{\"Expression\":{\"SourceRef\":{\"Entity\":\"Car_sales\"}},\"Property\":\"Model\"}},\"Right\":{\"Literal\":{\"Value\":\"'Viper'\"}}}}}]}},{\"properties\":{\"fill\":{\"solid\":{\"color\":{\"expr\":{\"ThemeDataColor\":{\"ColorId\":1,\"Percent\":0.6}}}}}},\"selector\":{\"data\":[{\"scopeId\":{\"Comparison\":{\"ComparisonKind\":0,\"Left\":{\"Column\":{\"Expression\":{\"SourceRef\":{\"Entity\":\"Car_sales\"}},\"Property\":\"Model\"}},\"Right\":{\"Literal\":{\"Value\":\"'Voyager'\"}}}}}]}},{\"properties\":{\"fill\":{\"solid\":{\"color\":{\"expr\":{\"ThemeDataColor\":{\"ColorId\":0,\"Percent\":-0.3}}}}}},\"selector\":{\"data\":[{\"scopeId\":{\"Comparison\":{\"ComparisonKind\":0,\"Left\":{\"Column\":{\"Expression\":{\"SourceRef\":{\"Entity\":\"Car_sales\"}},\"Property\":\"Model\"}},\"Right\":{\"Literal\":{\"Value\":\"'Windstar'\"}}}}}]}},{\"properties\":{\"fill\":{\"solid\":{\"color\":{\"expr\":{\"ThemeDataColor\":{\"ColorId\":0,\"Percent\":-0.1}}}}}},\"selector\":{\"data\":[{\"scopeId\":{\"Comparison\":{\"ComparisonKind\":0,\"Left\":{\"Column\":{\"Expression\":{\"SourceRef\":{\"Entity\":\"Car_sales\"}},\"Property\":\"Model\"}},\"Right\":{\"Literal\":{\"Value\":\"'Wrangler'\"}}}}}]}}]},\"vcObjects\":{\"dropShadow\":[{\"properties\":{\"show\":{\"expr\":{\"Literal\":{\"Value\":\"true\"}}}}}]}}}",
          "filters": "[{\"name\":\"Filter0d760008b42f75b71001\",\"expression\":{\"Column\":{\"Expression\":{\"SourceRef\":{\"Entity\":\"Car_sales\"}},\"Property\":\"Model\"}},\"filter\":{\"Version\":2,\"From\":[{\"Name\":\"subquery\",\"Expression\":{\"Subquery\":{\"Query\":{\"Version\":2,\"From\":[{\"Name\":\"c\",\"Entity\":\"Car_sales\",\"Type\":0}],\"Select\":[{\"Column\":{\"Expression\":{\"SourceRef\":{\"Source\":\"c\"}},\"Property\":\"Model\"},\"Name\":\"field\"}],\"OrderBy\":[{\"Direction\":2,\"Expression\":{\"Aggregation\":{\"Expression\":{\"Column\":{\"Expression\":{\"SourceRef\":{\"Source\":\"c\"}},\"Property\":\"Model\"}},\"Function\":3}}}],\"Top\":5}}},\"Type\":2},{\"Name\":\"c\",\"Entity\":\"Car_sales\",\"Type\":0}],\"Where\":[{\"Condition\":{\"In\":{\"Expressions\":[{\"Column\":{\"Expression\":{\"SourceRef\":{\"Source\":\"c\"}},\"Property\":\"Model\"}}],\"Table\":{\"SourceRef\":{\"Source\":\"subquery\"}}}}}]},\"type\":\"TopN\",\"howCreated\":1}]",
          "height": 241.51,
          "width": 296.40,
          "x": 544.77,
          "y": 30.19,
          "z": 5000.00
        },
        {
          "config": "{\"name\":\"f820f2cd6b8c35ff41af\",\"layouts\":[{\"id\":0,\"position\":{\"x\":854.8913717147691,\"y\":30.188780381580933,\"z\":3000,\"width\":196.22707248027606,\"height\":108.40516591567699,\"tabOrder\":3000}}],\"singleVisual\":{\"visualType\":\"card\",\"projections\":{\"Values\":[{\"queryRef\":\"Min(Car_sales.MostRecentLaunch)\"}]},\"prototypeQuery\":{\"Version\":2,\"From\":[{\"Name\":\"c\",\"Entity\":\"Car_sales\",\"Type\":0}],\"Select\":[{\"Aggregation\":{\"Expression\":{\"Column\":{\"Expression\":{\"SourceRef\":{\"Source\":\"c\"}},\"Property\":\"MostRecentLaunch\"}},\"Function\":3},\"Name\":\"Min(Car_sales.MostRecentLaunch)\",\"NativeReferenceName\":\"First MostRecentLaunch\"}]},\"drillFilterOtherVisuals\":true,\"vcObjects\":{\"dropShadow\":[{\"properties\":{\"show\":{\"expr\":{\"Literal\":{\"Value\":\"true\"}}}}}]}}}",
          "filters": "[]",
          "height": 108.41,
          "width": 196.23,
          "x": 854.89,
          "y": 30.19,
          "z": 3000.00
        }
      ],
      "width": 1280.00
    },
    {
      "config": "{\"objects\":{\"background\":[{\"properties\":{\"image\":{\"image\":{\"name\":{\"expr\":{\"Literal\":{\"Value\":\"'CAR1.jpg'\"}}},\"url\":{\"expr\":{\"ResourcePackageItem\":{\"PackageName\":\"RegisteredResources\",\"PackageType\":1,\"ItemName\":\"CAR19927703454440306.jpg\"}}},\"scaling\":{\"expr\":{\"Literal\":{\"Value\":\"'Normal'\"}}}}},\"transparency\":{\"expr\":{\"Literal\":{\"Value\":\"0D\"}}}}}]},\"visibility\":1}",
      "displayName": "Page 2",
      "displayOption": 1,
      "filters": "[]",
      "height": 720.00,
      "name": "ReportSection5ae7cf11f3c996b8cd79",
      "ordinal": 1,
      "visualContainers": [
        {
          "config": "{\"name\":\"0838d7d55b66d33121e4\",\"layouts\":[{\"id\":0,\"position\":{\"x\":245.62689492286304,\"y\":42.53873599222768,\"z\":9000,\"width\":167.410509388767,\"height\":259.34906782358166,\"tabOrder\":9000}}],\"singleVisual\":{\"visualType\":\"slicer\",\"projections\":{\"Values\":[{\"queryRef\":\"Date.year\",\"active\":true}]},\"prototypeQuery\":{\"Version\":2,\"From\":[{\"Name\":\"d\",\"Entity\":\"Date\",\"Type\":0}],\"Select\":[{\"Column\":{\"Expression\":{\"SourceRef\":{\"Source\":\"d\"}},\"Property\":\"year\"},\"Name\":\"Date.year\",\"NativeReferenceName\":\"year\"}]},\"syncGroup\":{\"groupName\":\"year\",\"fieldChanges\":true,\"filterChanges\":true},\"drillFilterOtherVisuals\":true,\"objects\":{\"data\":[{\"properties\":{\"mode\":{\"expr\":{\"Literal\":{\"Value\":\"'Basic'\"}}}}}],\"general\":[{\"properties\":{\"orientation\":{\"expr\":{\"Literal\":{\"Value\":\"1D\"}}}}}]},\"vcObjects\":{\"dropShadow\":[{\"properties\":{\"show\":{\"expr\":{\"Literal\":{\"Value\":\"true\"}}}}}]}}}",
          "filters": "[]",
          "height": 259.35,
          "width": 167.41,
          "x": 245.63,
          "y": 42.54,
          "z": 9000.00
        },
        {
          "config": "{\"name\":\"220af018cc90330733ee\",\"layouts\":[{\"id\":0,\"position\":{\"x\":245.62689492286304,\"y\":321.0988458768154,\"z\":0,\"width\":966.0409722105899,\"height\":367.7542337392586,\"tabOrder\":0}}],\"singleVisual\":{\"visualType\":\"columnChart\",\"projections\":{\"Category\":[{\"queryRef\":\"Car_sales.Model\",\"active\":true}],\"Y\":[{\"queryRef\":\"Sum(Car_sales.__year_resale_value)\"}]},\"prototypeQuery\":{\"Version\":2,\"From\":[{\"Name\":\"c\",\"Entity\":\"Car_sales\",\"Type\":0}],\"Select\":[{\"Column\":{\"Expression\":{\"SourceRef\":{\"Source\":\"c\"}},\"Property\":\"Model\"},\"Name\":\"Car_sales.Model\",\"NativeReferenceName\":\"Model\"},{\"Aggregation\":{\"Expression\":{\"Column\":{\"Expression\":{\"SourceRef\":{\"Source\":\"c\"}},\"Property\":\"__year_resale_value\"}},\"Function\":0},\"Name\":\"Sum(Car_sales.__year_resale_value)\",\"NativeReferenceName\":\"Sum of __year_resale_value\"}],\"OrderBy\":[{\"Direction\":2,\"Expression\":{\"Aggregation\":{\"Expression\":{\"Column\":{\"Expression\":{\"SourceRef\":{\"Source\":\"c\"}},\"Property\":\"__year_resale_value\"}},\"Function\":0}}}]},\"drillFilterOtherVisuals\":true,\"hasDefaultSort\":true,\"objects\":{\"dataPoint\":[{\"properties\":{\"fill\":{\"solid\":{\"color\":{\"expr\":{\"ThemeDataColor\":{\"ColorId\":0,\"Percent\":-0.3}}}}}}}]},\"vcObjects\":{\"dropShadow\":[{\"properties\":{\"show\":{\"expr\":{\"Literal\":{\"Value\":\"true\"}}}}}]}}}",
          "filters": "[]",
          "height": 367.75,
          "width": 966.04,
          "x": 245.63,
          "y": 321.10,
          "z": 0.00
        },
        {
          "config": "{\"name\":\"2959ccc128134be1b9ee\",\"layouts\":[{\"id\":0,\"position\":{\"x\":617.4977805323373,\"y\":39.79430141208395,\"z\":5000,\"width\":167.410509388767,\"height\":122.12733881639559,\"tabOrder\":5000}}],\"singleVisual\":{\"visualType\":\"card\",\"projections\":{\"Values\":[{\"queryRef\":\"Sum(MIN.Min Length)\"}]},\"prototypeQuery\":{\"Version\":2,\"From\":[{\"Name\":\"m\",\"Entity\":\"MIN\",\"Type\":0}],\"Select\":[{\"Aggregation\":{\"Expression\":{\"Column\":{\"Expression\":{\"SourceRef\":{\"Source\":\"m\"}},\"Property\":\"Min Length\"}},\"Function\":0},\"Name\":\"Sum(MIN.Min Length)\",\"NativeReferenceName\":\"Sum of Min Length\"}],\"OrderBy\":[{\"Direction\":2,\"Expression\":{\"Aggregation\":{\"Expression\":{\"Column\":{\"Expression\":{\"SourceRef\":{\"Source\":\"m\"}},\"Property\":\"Min Length\"}},\"Function\":0}}}]},\"drillFilterOtherVisuals\":true,\"hasDefaultSort\":true,\"vcObjects\":{\"dropShadow\":[{\"properties\":{\"show\":{\"expr\":{\"Literal\":{\"Value\":\"true\"}}}}}]}}}",
          "filters": "[]",
          "height": 122.13,
          "width": 167.41,
          "x": 617.50,
          "y": 39.79,
          "z": 5000.00
        },
        {
          "config": "{\"name\":\"3d8628d6f3865a311b2e\",\"layouts\":[{\"id\":0,\"position\":{\"x\":19.211042061006047,\"y\":185.2493341597012,\"z\":10000,\"width\":100.17186217524582,\"height\":64.49421263337744,\"tabOrder\":10000}}],\"singleVisual\":{\"visualType\":\"actionButton\",\"drillFilterOtherVisuals\":true,\"objects\":{\"icon\":[{\"properties\":{\"shapeType\":{\"expr\":{\"Literal\":{\"Value\":\"'blank'\"}}}},\"selector\":{\"id\":\"default\"}},{\"properties\":{\"show\":{\"expr\":{\"Literal\":{\"Value\":\"true\"}}}}}],\"outline\":[{\"properties\":{\"show\":{\"expr\":{\"Literal\":{\"Value\":\"false\"}}}}}]},\"vcObjects\":{\"visualLink\":[{\"properties\":{\"show\":{\"expr\":{\"Literal\":{\"Value\":\"true\"}}},\"type\":{\"expr\":{\"Literal\":{\"Value\":\"'PageNavigation'\"}}},\"navigationSection\":{\"expr\":{\"Literal\":{\"Value\":\"'ReportSection'\"}}}}}]}},\"howCreated\":\"InsertVisualButton\"}",
          "filters": "[]",
          "height": 64.49,
          "width": 100.17,
          "x": 19.21,
          "y": 185.25,
          "z": 10000.00
        },
        {
          "config": "{\"name\":\"61ae0e4fa0cc6577624b\",\"layouts\":[{\"id\":0,\"position\":{\"x\":815.0970703026852,\"y\":41.16651870215582,\"z\":3000,\"width\":185.2493341597012,\"height\":122.12733881639559,\"tabOrder\":3000}}],\"singleVisual\":{\"visualType\":\"card\",\"projections\":{\"Values\":[{\"queryRef\":\"Sum(MIN.Min Fuelcapacity)\"}]},\"prototypeQuery\":{\"Version\":2,\"From\":[{\"Name\":\"m\",\"Entity\":\"MIN\",\"Type\":0}],\"Select\":[{\"Aggregation\":{\"Expression\":{\"Column\":{\"Expression\":{\"SourceRef\":{\"Source\":\"m\"}},\"Property\":\"Min Fuelcapacity\"}},\"Function\":0},\"Name\":\"Sum(MIN.Min Fuelcapacity)\",\"NativeReferenceName\":\"Sum of Min Fuelcapacity\"}],\"OrderBy\":[{\"Direction\":2,\"Expression\":{\"Aggregation\":{\"Expression\":{\"Column\":{\"Expression\":{\"SourceRef\":{\"Source\":\"m\"}},\"Property\":\"Min Fuelcapacity\"}},\"Function\":0}}}]},\"drillFilterOtherVisuals\":true,\"hasDefaultSort\":true,\"vcObjects\":{\"dropShadow\":[{\"properties\":{\"show\":{\"expr\":{\"Literal\":{\"Value\":\"true\"}}}}}]}}}",
          "filters": "[]",
          "height": 122.13,
          "width": 185.25,
          "x": 815.10,
          "y": 41.17,
          "z": 3000.00
        },
        {
          "config": "{\"name\":\"6779e62c6ecef83e2924\",\"layouts\":[{\"id\":0,\"position\":{\"x\":1025.04631568368,\"y\":41.16651870215582,\"z\":4000,\"width\":185.2493341597012,\"height\":120.75512152632373,\"tabOrder\":4000}}],\"singleVisual\":{\"visualType\":\"card\",\"projections\":{\"Values\":[{\"queryRef\":\"Sum(MIN.Min Horsepower)\"}]},\"prototypeQuery\":{\"Version\":2,\"From\":[{\"Name\":\"m\",\"Entity\":\"MIN\",\"Type\":0}],\"Select\":[{\"Aggregation\":{\"Expression\":{\"Column\":{\"Expression\":{\"SourceRef\":{\"Source\":\"m\"}},\"Property\":\"Min Horsepower\"}},\"Function\":0},\"Name\":\"Sum(MIN.Min Horsepower)\",\"NativeReferenceName\":\"Sum of Min Horsepower\"}],\"OrderBy\":[{\"Direction\":2,\"Expression\":{\"Aggregation\":{\"Expression\":{\"Column\":{\"Expression\":{\"SourceRef\":{\"Source\":\"m\"}},\"Property\":\"Min Horsepower\"}},\"Function\":0}}}]},\"drillFilterOtherVisuals\":true,\"hasDefaultSort\":true,\"vcObjects\":{\"dropShadow\":[{\"properties\":{\"show\":{\"expr\":{\"Literal\":{\"Value\":\"true\"}}}}}]}}}",
          "filters": "[]",
          "height": 120.76,
          "width": 185.25,
          "x": 1025.05,
          "y": 41.17,
          "z": 4000.00
        },
        {
          "config": "{\"name\":\"7757df831f0e3ec194a8\",\"layouts\":[{\"id\":0,\"position\":{\"x\":1026.4185329737518,\"y\":183.8771168696293,\"z\":8000,\"width\":185.2493341597012,\"height\":122.12733881639559,\"tabOrder\":8000}}],\"singleVisual\":{\"visualType\":\"card\",\"projections\":{\"Values\":[{\"queryRef\":\"Sum(MIN.Min Width)\"}]},\"prototypeQuery\":{\"Version\":2,\"From\":[{\"Name\":\"m\",\"Entity\":\"MIN\",\"Type\":0}],\"Select\":[{\"Aggregation\":{\"Expression\":{\"Column\":{\"Expression\":{\"SourceRef\":{\"Source\":\"m\"}},\"Property\":\"Min Width\"}},\"Function\":0},\"Name\":\"Sum(MIN.Min Width)\",\"NativeReferenceName\":\"Sum of Min Width\"}],\"OrderBy\":[{\"Direction\":2,\"Expression\":{\"Aggregation\":{\"Expression\":{\"Column\":{\"Expression\":{\"SourceRef\":{\"Source\":\"m\"}},\"Property\":\"Min Width\"}},\"Function\":0}}}]},\"drillFilterOtherVisuals\":true,\"hasDefaultSort\":true,\"vcObjects\":{\"dropShadow\":[{\"properties\":{\"show\":{\"expr\":{\"Literal\":{\"Value\":\"true\"}}}}}]}}}",
          "filters": "[]",
          "height": 122.13,
          "width": 185.25,
          "x": 1026.42,
          "y": 183.88,
          "z": 8000.00
        },
        {
          "config": "{\"name\":\"8257ef90415674ac5226\",\"layouts\":[{\"id\":0,\"position\":{\"x\":19.211042061006047,\"y\":295.02671736545005,\"z\":11000,\"width\":100.17186217524582,\"height\":64.49421263337744,\"tabOrder\":11000}}],\"singleVisual\":{\"visualType\":\"actionButton\",\"drillFilterOtherVisuals\":true,\"objects\":{\"icon\":[{\"properties\":{\"shapeType\":{\"expr\":{\"Literal\":{\"Value\":\"'blank'\"}}}},\"selector\":{\"id\":\"default\"}},{\"properties\":{\"show\":{\"expr\":{\"Literal\":{\"Value\":\"true\"}}}}}],\"outline\":[{\"properties\":{\"show\":{\"expr\":{\"Literal\":{\"Value\":\"false\"}}}}}]},\"vcObjects\":{\"visualLink\":[{\"properties\":{\"show\":{\"expr\":{\"Literal\":{\"Value\":\"true\"}}},\"type\":{\"expr\":{\"Literal\":{\"Value\":\"'PageNavigation'\"}}}}}]}},\"howCreated\":\"InsertVisualButton\"}",
          "filters": "[]",
          "height": 64.49,
          "width": 100.17,
          "x": 19.21,
          "y": 295.03,
          "z": 11000.00
        },
        {
          "config": "{\"name\":\"8674bcb20daeffc41ad2\",\"layouts\":[{\"id\":0,\"position\":{\"x\":426.75957721234863,\"y\":42.53873599222768,\"z\":1000,\"width\":167.410509388767,\"height\":122.12733881639559,\"tabOrder\":1000}}],\"singleVisual\":{\"visualType\":\"card\",\"projections\":{\"Values\":[{\"queryRef\":\"Car_sales.Min Sales\"}]},\"prototypeQuery\":{\"Version\":2,\"From\":[{\"Name\":\"c\",\"Entity\":\"Car_sales\",\"Type\":0}],\"Select\":[{\"Measure\":{\"Expression\":{\"SourceRef\":{\"Source\":\"c\"}},\"Property\":\"Min Sales\"},\"Name\":\"Car_sales.Min Sales\",\"NativeReferenceName\":\"Min Sales\"}],\"OrderBy\":[{\"Direction\":2,\"Expression\":{\"Measure\":{\"Expression\":{\"SourceRef\":{\"Source\":\"c\"}},\"Property\":\"Min Sales\"}}}]},\"drillFilterOtherVisuals\":true,\"hasDefaultSort\":true,\"vcObjects\":{\"dropShadow\":[{\"properties\":{\"show\":{\"expr\":{\"Literal\":{\"Value\":\"true\"}}}}}]}}}",
          "filters": "[]",
          "height": 122.13,
          "width": 167.41,
          "x": 426.76,
          "y": 42.54,
          "z": 1000.00
        },
        {
          "config": "{\"name\":\"9874a3d8b47582a2d26b\",\"layouts\":[{\"id\":0,\"position\":{\"x\":617.4977805323373,\"y\":183.8771168696293,\"z\":2000,\"width\":167.410509388767,\"height\":118.01068694618002,\"tabOrder\":2000}}],\"singleVisual\":{\"visualType\":\"card\",\"projections\":{\"Values\":[{\"queryRef\":\"Sum(MIN.Min Price)\"}]},\"prototypeQuery\":{\"Version\":2,\"From\":[{\"Name\":\"m\",\"Entity\":\"MIN\",\"Type\":0}],\"Select\":[{\"Aggregation\":{\"Expression\":{\"Column\":{\"Expression\":{\"SourceRef\":{\"Source\":\"m\"}},\"Property\":\"Min Price\"}},\"Function\":0},\"Name\":\"Sum(MIN.Min Price)\",\"NativeReferenceName\":\"Sum of Min Price\"}],\"OrderBy\":[{\"Direction\":2,\"Expression\":{\"Aggregation\":{\"Expression\":{\"Column\":{\"Expression\":{\"SourceRef\":{\"Source\":\"m\"}},\"Property\":\"Min Price\"}},\"Function\":0}}}]},\"drillFilterOtherVisuals\":true,\"hasDefaultSort\":true,\"vcObjects\":{\"dropShadow\":[{\"properties\":{\"show\":{\"expr\":{\"Literal\":{\"Value\":\"true\"}}}}}]}}}",
          "filters": "[]",
          "height": 118.01,
          "width": 167.41,
          "x": 617.50,
          "y": 183.88,
          "z": 2000.00
        },
        {
          "config": "{\"name\":\"acc5c5eedb0acc75cb37\",\"layouts\":[{\"id\":0,\"position\":{\"x\":815.0970703026852,\"y\":185.2493341597012,\"z\":7000,\"width\":185.2493341597012,\"height\":118.01068694618002,\"tabOrder\":7000}}],\"singleVisual\":{\"visualType\":\"card\",\"projections\":{\"Values\":[{\"queryRef\":\"Sum(MIN.Min Weight)\"}]},\"prototypeQuery\":{\"Version\":2,\"From\":[{\"Name\":\"m\",\"Entity\":\"MIN\",\"Type\":0}],\"Select\":[{\"Aggregation\":{\"Expression\":{\"Column\":{\"Expression\":{\"SourceRef\":{\"Source\":\"m\"}},\"Property\":\"Min Weight\"}},\"Function\":0},\"Name\":\"Sum(MIN.Min Weight)\",\"NativeReferenceName\":\"Sum of Min Weight\"}],\"OrderBy\":[{\"Direction\":2,\"Expression\":{\"Aggregation\":{\"Expression\":{\"Column\":{\"Expression\":{\"SourceRef\":{\"Source\":\"m\"}},\"Property\":\"Min Weight\"}},\"Function\":0}}}]},\"drillFilterOtherVisuals\":true,\"hasDefaultSort\":true,\"vcObjects\":{\"dropShadow\":[{\"properties\":{\"show\":{\"expr\":{\"Literal\":{\"Value\":\"true\"}}}}}]}}}",
          "filters": "[]",
          "height": 118.01,
          "width": 185.25,
          "x": 815.10,
          "y": 185.25,
          "z": 7000.00
        },
        {
          "config": "{\"name\":\"c6148520939043c36562\",\"layouts\":[{\"id\":0,\"position\":{\"x\":21.95547664114977,\"y\":532.4203085478819,\"z\":13000,\"width\":100.17186217524582,\"height\":64.49421263337744,\"tabOrder\":13000}}],\"singleVisual\":{\"visualType\":\"actionButton\",\"drillFilterOtherVisuals\":true,\"objects\":{\"icon\":[{\"properties\":{\"shapeType\":{\"expr\":{\"Literal\":{\"Value\":\"'blank'\"}}}},\"selector\":{\"id\":\"default\"}},{\"properties\":{\"show\":{\"expr\":{\"Literal\":{\"Value\":\"true\"}}}}}],\"outline\":[{\"properties\":{\"show\":{\"expr\":{\"Literal\":{\"Value\":\"false\"}}}}}]},\"vcObjects\":{\"visualLink\":[{\"properties\":{\"show\":{\"expr\":{\"Literal\":{\"Value\":\"true\"}}},\"type\":{\"expr\":{\"Literal\":{\"Value\":\"'PageNavigation'\"}}},\"navigationSection\":{\"expr\":{\"Literal\":{\"Value\":\"'ReportSection491d3d016a5d5836e3b3'\"}}}}}]}},\"howCreated\":\"InsertVisualButton\"}",
          "filters": "[]",
          "height": 64.49,
          "width": 100.17,
          "x": 21.96,
          "y": 532.42,
          "z": 13000.00
        },
        {
          "config": "{\"name\":\"cff3ff8ed87581b9be14\",\"layouts\":[{\"id\":0,\"position\":{\"x\":426.75957721234863,\"y\":182.50489957955745,\"z\":6000,\"width\":167.410509388767,\"height\":122.12733881639559,\"tabOrder\":6000}}],\"singleVisual\":{\"visualType\":\"card\",\"projections\":{\"Values\":[{\"queryRef\":\"Car_sales.Min Fuelefficiency\"}]},\"prototypeQuery\":{\"Version\":2,\"From\":[{\"Name\":\"c\",\"Entity\":\"Car_sales\",\"Type\":0}],\"Select\":[{\"Measure\":{\"Expression\":{\"SourceRef\":{\"Source\":\"c\"}},\"Property\":\"Min Fuelefficiency\"},\"Name\":\"Car_sales.Min Fuelefficiency\",\"NativeReferenceName\":\"Min Fuelefficiency\"}],\"OrderBy\":[{\"Direction\":2,\"Expression\":{\"Measure\":{\"Expression\":{\"SourceRef\":{\"Source\":\"c\"}},\"Property\":\"Min Fuelefficiency\"}}}]},\"drillFilterOtherVisuals\":true,\"hasDefaultSort\":true,\"vcObjects\":{\"dropShadow\":[{\"properties\":{\"show\":{\"expr\":{\"Literal\":{\"Value\":\"true\"}}}}}]}}}",
          "filters": "[]",
          "height": 122.13,
          "width": 167.41,
          "x": 426.76,
          "y": 182.50,
          "z": 6000.00
        },
        {
          "config": "{\"name\":\"d09cb9967a2f977b7674\",\"layouts\":[{\"id\":0,\"position\":{\"x\":20.58325935107791,\"y\":411.66518702155815,\"z\":12000,\"width\":100.17186217524582,\"height\":64.49421263337744,\"tabOrder\":12000}}],\"singleVisual\":{\"visualType\":\"actionButton\",\"drillFilterOtherVisuals\":true,\"objects\":{\"icon\":[{\"properties\":{\"shapeType\":{\"expr\":{\"Literal\":{\"Value\":\"'blank'\"}}}},\"selector\":{\"id\":\"default\"}},{\"properties\":{\"show\":{\"expr\":{\"Literal\":{\"Value\":\"true\"}}}}}],\"outline\":[{\"properties\":{\"show\":{\"expr\":{\"Literal\":{\"Value\":\"false\"}}}}}]},\"vcObjects\":{\"visualLink\":[{\"properties\":{\"show\":{\"expr\":{\"Literal\":{\"Value\":\"true\"}}},\"type\":{\"expr\":{\"Literal\":{\"Value\":\"'PageNavigation'\"}}},\"navigationSection\":{\"expr\":{\"Literal\":{\"Value\":\"'ReportSection40487b488613905e56db'\"}}}}}]}},\"howCreated\":\"InsertVisualButton\"}",
          "filters": "[]",
          "height": 64.49,
          "width": 100.17,
          "x": 20.58,
          "y": 411.67,
          "z": 12000.00
        }
      ],
      "width": 1280.00
    }
  ]
}