{
  "version": "1.1.0",
  "diagrams": [
    {
      "ordinal": 0,
      "scrollPosition": {
        "x": 0,
        "y": 0
      },
      "nodes": [
        {
          "location": {
            "x": 0,
            "y": 0
          },
          "nodeIndex": "Car_sales",
          "nodeLineageTag": "ca672e79-790c-4aa8-91d8-8f8ed5c95bbe",
          "size": {
            "height": 300,
            "width": 234
          },
          "zIndex": 2
        },
        {
          "location": {
            "x": 6.6550000000000011,
            "y": 462.63499999999976
          },
          "nodeIndex": "Date",
          "nodeLineageTag": "db302541-004f-4699-a6b8-0ca9926b0ef9",
          "size": {
            "height": 200,
            "width": 234
          },
          "zIndex": 4
        },
        {
          "location": {
            "x": 292.82900000000166,
            "y": 81.781999999999954
          },
          "nodeIndex": "MAX",
          "nodeLineageTag": "f2f75e08-65d7-492a-8394-7c8d5b79dd72",
          "size": {
            "height": 188.02100000000002,
            "width": 234
          },
          "zIndex": 1
        },
        {
          "location": {
            "x": 326.13515203094687,
            "y": 369.23599999999931
          },
          "nodeIndex": "MIN",
          "nodeLineageTag": "d050e398-c1b5-47ac-9a32-ddf33f7e8415",
          "size": {
            "height": 248,
            "width": 234
          },
          "zIndex": 3
        }
      ],
      "name": "All tables",
      "zoomValue": 75.131480090157922,
      "pinKeyFieldsToTop": false,
      "showExtraHeaderInfo": false,
      "hideKeyFieldsWhenCollapsed": false,
      "tablesLocked": false
    }
  ],
  "selectedDiagram": "All tables",
  "defaultDiagram": "All tables"
}